2025-05-29T01:57:02.839459,219,115,147,135,136,63,136,136,64,135,136,63,108,115,36
2025-05-29T01:57:03.845920,230,116,157,136,137,63,137,137,64,136,137,63,109,116,36
2025-05-29T01:57:04.849740,244,119,168,139,140,63,140,140,64,140,140,64,112,119,36
2025-05-29T01:57:05.853380,254,120,177,140,141,63,141,141,64,141,141,64,113,120,36
2025-05-29T01:57:06.857108,270,129,190,149,153,69,150,153,70,151,153,71,119,129,39
2025-05-29T01:57:07.860812,282,131,200,151,155,69,152,155,70,153,155,71,121,131,39
2025-05-29T01:57:08.864508,295,134,210,154,158,69,155,158,70,156,158,71,124,134,39
2025-05-29T01:57:09.868368,305,135,219,155,159,69,156,159,70,157,159,71,125,135,39
2025-05-29T01:57:10.872096,318,138,229,158,162,69,159,162,70,160,162,71,128,138,39
2025-05-29T01:57:11.875731,331,145,241,165,172,75,166,172,76,167,172,77,132,145,42
2025-05-29T01:57:12.879572,345,149,251,169,176,75,170,176,76,171,176,77,136,149,42
2025-05-29T01:57:13.883354,356,150,261,170,177,75,171,177,76,172,177,77,137,150,42
2025-05-29T01:57:14.887138,364,153,266,173,180,75,174,180,76,175,180,77,140,153,42
2025-05-29T01:57:15.891024,369,154,270,174,181,75,175,181,76,176,181,77,141,154,42
2025-05-29T01:57:16.894881,385,163,283,183,193,81,184,193,82,185,193,83,147,163,45
2025-05-29T01:57:17.898619,396,165,292,185,195,81,186,195,82,187,195,83,149,165,45
2025-05-29T01:57:18.902572,408,168,301,188,198,81,189,198,82,190,198,83,152,168,45
2025-05-29T01:57:19.906326,419,169,311,189,199,81,190,199,82,191,199,83,153,169,45
2025-05-29T01:57:20.910167,432,172,321,192,202,81,193,202,82,194,202,83,156,172,45
2025-05-29T01:57:21.913950,445,179,333,199,212,87,200,212,88,201,212,89,160,179,48
2025-05-29T01:57:22.917612,459,183,343,203,216,87,204,216,88,205,216,89,164,183,48
2025-05-29T01:57:23.921296,470,184,353,204,217,87,205,217,88,206,217,89,165,184,48
2025-05-29T01:57:24.924957,482,187,362,207,220,87,208,220,88,209,220,89,168,187,48
2025-05-29T01:57:25.928609,493,188,372,208,221,87,209,221,88,210,221,89,169,188,48
2025-05-29T01:57:26.932286,508,197,384,217,233,93,218,233,94,219,233,95,175,197,51
2025-05-29T01:57:27.936150,520,199,394,219,235,93,221,235,95,221,235,95,177,199,51
2025-05-29T01:57:28.939834,533,202,404,222,238,93,224,238,95,224,238,95,180,202,51
2025-05-29T01:57:29.943740,543,203,413,223,239,93,225,239,95,225,239,95,181,203,51
2025-05-29T01:57:30.947433,556,206,423,226,242,93,228,242,95,228,242,95,184,206,51
2025-05-29T01:57:31.951366,563,213,429,234,252,100,237,252,103,236,252,102,188,213,54
2025-05-29T01:57:32.955126,574,217,436,238,256,100,241,256,103,240,256,102,192,217,54
2025-05-29T01:57:33.958841,584,218,445,240,257,101,242,257,103,241,257,102,194,218,55
2025-05-29T01:57:34.962641,597,221,455,243,260,101,245,260,103,244,260,102,197,221,55
2025-05-29T01:57:35.966835,608,222,465,245,261,102,246,261,103,245,261,102,199,222,56
2025-05-29T01:57:36.971152,624,231,478,254,273,108,255,273,109,254,273,108,205,231,59
2025-05-29T01:57:37.975136,635,233,487,256,275,108,257,275,109,257,275,109,207,233,59
2025-05-29T01:57:38.978797,648,236,497,259,278,108,260,278,109,260,278,109,210,236,59
2025-05-29T01:57:39.981655,661,237,509,260,279,108,261,279,109,261,279,109,211,237,59
2025-05-29T01:57:40.985356,674,240,519,263,282,108,264,282,109,264,282,109,214,240,59
2025-05-29T01:57:41.989276,688,247,532,270,292,114,271,292,115,272,292,116,218,247,62
2025-05-29T01:57:42.993122,701,251,541,274,296,114,275,296,115,276,296,116,222,251,62
2025-05-29T01:57:43.997009,712,252,551,275,297,114,276,297,115,277,297,116,223,252,62
2025-05-29T01:57:45.000843,720,255,556,278,300,114,279,300,115,280,300,116,226,255,62
2025-05-29T01:57:46.004839,726,256,561,279,301,114,280,301,115,281,301,116,227,256,62
2025-05-29T01:57:47.009069,742,265,574,288,313,120,289,313,121,290,313,122,233,265,65
2025-05-29T01:57:48.012800,754,267,584,290,315,120,291,315,121,292,315,122,235,267,65
2025-05-29T01:57:49.016794,766,270,593,293,318,120,294,318,121,295,318,122,238,270,65
2025-05-29T01:57:50.020732,777,271,603,294,319,120,295,319,121,296,319,122,239,271,65
2025-05-29T01:57:51.024837,790,274,613,297,322,120,298,322,121,299,322,122,242,274,65
2025-05-29T01:57:52.029116,800,281,622,304,332,126,305,332,127,306,332,128,246,281,68
2025-05-29T01:57:53.033066,807,285,625,308,336,126,309,336,127,310,336,128,250,285,68
2025-05-29T01:57:54.036912,818,286,635,309,337,126,310,337,127,311,337,128,251,286,68
2025-05-29T01:57:55.040810,830,289,644,312,340,126,313,340,127,314,340,128,254,289,68
2025-05-29T01:57:56.044790,839,290,652,313,341,126,314,341,127,315,341,128,255,290,68
2025-05-29T01:57:57.048680,847,299,657,322,353,132,323,353,133,324,353,134,261,299,71
2025-05-29T01:57:58.052498,859,301,667,324,355,132,325,355,133,326,355,134,263,301,71
2025-05-29T01:57:59.056398,865,304,670,327,358,132,328,358,133,329,358,134,266,304,71
2025-05-29T01:58:00.060167,866,305,670,328,359,132,329,359,133,330,359,134,267,305,71
2025-05-29T01:58:01.064108,869,308,670,331,362,132,332,362,133,333,362,134,270,308,71
2025-05-29T01:58:02.068034,873,315,673,338,372,138,339,372,139,340,372,140,274,315,74
2025-05-29T01:58:03.071885,877,319,673,342,376,138,343,376,139,344,376,140,278,319,74
2025-05-29T01:58:04.075972,878,320,673,343,377,138,344,377,139,345,377,140,279,320,74
2025-05-29T01:58:05.079763,881,323,673,346,380,138,347,380,139,348,380,140,282,323,74
2025-05-29T01:58:06.083539,882,324,673,347,381,138,348,381,139,349,381,140,283,324,74
2025-05-29T01:58:07.087352,888,333,676,356,393,144,357,393,145,358,393,146,289,333,77
2025-05-29T01:58:08.091370,890,335,676,358,395,144,359,395,145,360,395,146,291,335,77
2025-05-29T01:58:09.095494,893,338,676,361,398,144,362,398,145,363,398,146,294,338,77
2025-05-29T01:58:10.099554,894,339,676,362,399,144,363,399,145,364,399,146,295,339,77
2025-05-29T01:58:11.103531,897,342,676,365,402,144,366,402,145,367,402,146,298,342,77
2025-05-29T01:58:12.107343,901,349,679,372,412,150,373,412,151,374,412,152,302,349,80
2025-05-29T01:58:13.111083,905,353,679,376,416,150,377,416,151,378,416,152,306,353,80
2025-05-29T01:58:14.114863,906,354,679,377,417,150,378,417,151,379,417,152,307,354,80
2025-05-29T01:58:15.118519,909,357,679,380,420,150,381,420,151,382,420,152,310,357,80
2025-05-29T01:58:16.122074,910,358,679,381,421,150,382,421,151,383,421,152,311,358,80
2025-05-29T01:58:17.125909,916,367,682,390,433,156,391,433,157,392,433,158,317,367,83
2025-05-29T01:58:18.129578,918,369,682,392,435,156,393,435,157,394,435,158,319,369,83
2025-05-29T01:58:19.133264,921,372,682,395,438,156,396,438,157,397,438,158,322,372,83
2025-05-29T01:58:20.136807,922,373,682,396,439,156,397,439,157,398,439,158,323,373,83
2025-05-29T01:58:21.140158,925,376,682,399,442,156,401,442,158,401,442,158,326,376,83
2025-05-29T01:58:22.143847,929,383,685,406,452,162,408,452,164,408,452,164,330,383,86
2025-05-29T01:58:23.147641,933,387,685,410,456,162,412,456,164,412,456,164,334,387,86
2025-05-29T01:58:24.151558,934,388,685,411,457,162,413,457,164,413,457,164,335,388,86
2025-05-29T01:58:25.155488,937,391,685,414,460,162,416,460,164,416,460,164,338,391,86
2025-05-29T01:58:26.159242,938,392,685,415,461,162,417,461,164,417,461,164,339,392,86
2025-05-29T01:58:27.163029,944,401,688,424,473,168,426,473,170,426,473,170,345,401,89
2025-05-29T01:58:28.166704,946,403,688,426,475,168,428,475,170,428,475,170,347,403,89
2025-05-29T01:58:29.170273,949,406,688,429,478,168,431,478,170,431,478,170,350,406,89
2025-05-29T01:58:30.173929,950,407,688,430,479,168,432,479,170,432,479,170,351,407,89
2025-05-29T01:58:31.177539,953,410,688,433,482,168,436,482,171,436,482,171,354,410,89
2025-05-29T01:58:32.181204,957,417,691,440,492,174,443,492,177,443,492,177,358,417,92
2025-05-29T01:58:33.184883,961,421,691,446,496,176,448,496,178,447,496,177,363,421,93
2025-05-29T01:58:34.188567,962,422,691,447,497,176,449,497,178,448,497,177,364,422,93
2025-05-29T01:58:35.192526,965,425,691,450,500,176,452,500,178,451,500,177,367,425,93
2025-05-29T01:58:36.197052,966,426,691,451,501,176,453,501,178,452,501,177,368,426,93
2025-05-29T01:58:37.200862,973,435,695,460,513,182,462,513,184,461,513,183,374,435,96
2025-05-29T01:58:38.204648,975,437,695,462,515,182,464,515,184,463,515,183,376,437,96
2025-05-29T01:58:39.208543,978,440,695,465,518,182,467,518,184,466,518,183,379,440,96
2025-05-29T01:58:40.212304,979,441,695,466,519,182,468,519,184,467,519,183,380,441,96
2025-05-29T01:58:41.216018,982,444,695,469,522,182,471,522,184,471,522,184,383,444,96
2025-05-29T01:58:42.219766,986,451,698,476,532,188,478,532,190,478,532,190,387,451,99
2025-05-29T01:58:43.223379,990,455,698,480,536,188,482,536,190,482,536,190,392,455,100
2025-05-29T01:58:44.227066,991,456,698,481,537,188,483,537,190,483,537,190,393,456,100
2025-05-29T01:58:45.230794,994,459,698,485,540,189,486,540,190,486,540,190,396,459,100
2025-05-29T01:58:46.234302,995,460,698,486,541,189,487,541,190,487,541,190,397,460,100
2025-05-29T01:58:47.241558,1001,469,701,495,553,195,496,553,196,496,553,196,403,469,103
2025-05-29T01:58:48.245283,1003,471,701,497,555,195,498,555,196,498,555,196,405,471,103
2025-05-29T01:58:49.248996,1007,474,702,500,558,195,501,558,196,501,558,196,408,474,103
2025-05-29T01:58:50.252658,1008,475,702,501,559,195,502,559,196,502,559,196,409,475,103
2025-05-29T01:58:51.256440,1011,478,702,504,562,195,505,562,196,506,562,197,412,478,103
2025-05-29T01:58:52.260065,1015,485,705,511,572,201,512,572,202,513,572,203,416,485,106
2025-05-29T01:58:53.263643,1019,489,705,515,576,201,516,576,202,517,576,203,420,489,106
2025-05-29T01:58:54.267296,1020,490,705,516,577,201,517,577,202,518,577,203,421,490,106
2025-05-29T01:58:55.271044,1023,493,705,519,580,201,520,580,202,521,580,203,424,493,106
2025-05-29T01:58:56.274626,1024,494,705,520,581,201,521,581,202,522,581,203,425,494,106
2025-05-29T01:58:57.277628,1030,503,708,529,593,207,530,593,208,531,593,209,431,503,109
2025-05-29T01:58:58.281268,1032,505,708,531,595,207,532,595,208,533,595,209,433,505,109
2025-05-29T01:58:59.284984,1035,508,708,534,598,207,535,598,208,536,598,209,436,508,109
2025-05-29T01:59:00.288683,1036,509,708,535,599,207,536,599,208,537,599,209,437,509,109
2025-05-29T01:59:01.292365,1039,512,708,538,602,207,539,602,208,540,602,209,440,512,109
2025-05-29T01:59:02.296063,1043,519,711,545,612,213,546,612,214,547,612,215,444,519,112
2025-05-29T01:59:03.299788,1047,523,711,549,616,213,550,616,214,551,616,215,448,523,112
2025-05-29T01:59:04.303490,1048,524,711,550,617,213,551,617,214,552,617,215,449,524,112
2025-05-29T01:59:05.307266,1051,527,711,553,620,213,554,620,214,555,620,215,452,527,112
2025-05-29T01:59:06.310780,1052,528,711,554,621,213,555,621,214,556,621,215,453,528,112
2025-05-29T01:59:07.314486,1058,537,714,563,633,219,564,633,220,565,633,221,459,537,115
2025-05-29T01:59:08.318438,1060,539,714,565,635,219,566,635,220,567,635,221,461,539,115
2025-05-29T01:59:09.322640,1063,542,714,568,638,219,569,638,220,570,638,221,464,542,115
2025-05-29T01:59:10.326512,1064,543,714,569,639,219,570,639,220,571,639,221,465,543,115
2025-05-29T01:59:11.330262,1067,546,714,572,642,219,573,642,220,574,642,221,468,546,115
2025-05-29T01:59:12.333992,1071,553,717,579,652,225,580,652,226,581,652,227,472,553,118
2025-05-29T01:59:13.337632,1075,557,717,583,656,225,584,656,226,585,656,227,476,557,118
2025-05-29T01:59:14.341302,1076,558,717,584,657,225,585,657,226,586,657,227,477,558,118
2025-05-29T01:59:15.344995,1079,561,717,587,660,225,588,660,226,589,660,227,480,561,118
2025-05-29T01:59:16.348507,1080,562,717,588,661,225,589,661,226,590,661,227,481,562,118
2025-05-29T01:59:17.352231,1086,571,720,597,673,231,598,673,232,599,673,233,487,571,121
2025-05-29T01:59:18.355855,1088,573,720,599,675,231,600,675,232,601,675,233,489,573,121
2025-05-29T01:59:19.359453,1091,576,720,602,678,231,603,678,232,604,678,233,492,576,121
2025-05-29T01:59:20.363062,1092,577,720,603,679,231,604,679,232,605,679,233,493,577,121
2025-05-29T01:59:21.366465,1095,580,720,606,682,231,607,682,232,608,682,233,496,580,121
2025-05-29T01:59:22.370060,1099,587,723,613,692,237,614,692,238,615,692,239,500,587,124
2025-05-29T01:59:23.373624,1103,591,723,617,696,237,618,696,238,619,696,239,504,591,124
2025-05-29T01:59:24.377340,1104,592,723,618,697,237,619,697,238,620,697,239,505,592,124
2025-05-29T01:59:25.381159,1107,595,723,621,700,237,622,700,238,623,700,239,508,595,124
2025-05-29T01:59:26.384688,1108,596,723,622,701,237,623,701,238,624,701,239,509,596,124
2025-05-29T01:59:27.388384,1114,605,726,631,713,243,632,713,244,633,713,245,515,605,127
2025-05-29T01:59:28.392176,1116,607,726,633,715,243,634,715,244,635,715,245,517,607,127
2025-05-29T01:59:29.396070,1119,610,726,636,718,243,637,718,244,638,718,245,520,610,127
2025-05-29T01:59:30.399780,1120,611,726,637,719,243,638,719,244,639,719,245,521,611,127
2025-05-29T01:59:31.403447,1134,614,737,640,722,243,641,722,244,642,722,245,524,614,127
2025-05-29T01:59:32.407198,1142,621,744,647,732,249,648,732,250,649,732,251,528,621,130
2025-05-29T01:59:33.411062,1151,625,749,651,736,249,652,736,250,653,736,251,532,625,130
2025-05-29T01:59:34.414850,1161,626,758,652,737,249,653,737,250,654,737,251,533,626,130
2025-05-29T01:59:35.418628,1174,629,768,655,740,249,656,740,250,657,740,251,536,629,130
2025-05-29T01:59:36.422390,1181,630,774,656,741,249,657,741,250,658,741,251,537,630,130
2025-05-29T01:59:37.426226,1190,639,780,665,753,255,666,753,256,667,753,257,543,639,133
2025-05-29T01:59:38.430054,1202,641,790,667,755,255,668,755,256,669,755,257,545,641,133
2025-05-29T01:59:39.433627,1215,644,800,670,758,255,671,758,256,672,758,257,548,644,133
2025-05-29T01:59:40.436653,1225,645,809,671,759,255,672,759,256,673,759,257,549,645,133
2025-05-29T01:59:41.440392,1239,648,820,674,762,255,675,762,256,676,762,257,552,648,133
2025-05-29T01:59:42.444169,1252,655,832,681,772,261,682,772,262,683,772,263,556,655,136
2025-05-29T01:59:43.447919,1264,659,840,685,776,261,686,776,262,687,776,263,560,659,136
2025-05-29T01:59:44.451638,1266,660,841,686,777,261,687,777,262,688,777,263,561,660,136
2025-05-29T01:59:45.455368,1279,663,851,689,780,261,690,780,262,691,780,263,564,663,136
2025-05-29T01:59:46.459888,1290,664,861,690,781,261,691,781,262,692,781,263,565,664,136
2025-05-29T01:59:47.463505,1305,673,873,699,793,267,700,793,268,701,793,269,571,673,139
2025-05-29T01:59:48.467202,1317,675,883,701,795,267,702,795,268,703,795,269,573,675,139
2025-05-29T01:59:49.470891,1329,678,892,704,798,267,705,798,268,706,798,269,576,678,139
2025-05-29T01:59:50.474540,1340,679,902,705,799,267,706,799,268,707,799,269,577,679,139
2025-05-29T01:59:51.478267,1352,682,911,708,802,267,709,802,268,710,802,269,580,682,139
2025-05-29T01:59:52.481873,1366,689,924,715,812,273,716,812,274,717,812,275,584,689,142
2025-05-29T01:59:53.485676,1380,693,934,719,816,273,720,816,274,721,816,275,588,693,142
2025-05-29T01:59:54.489323,1391,694,944,720,817,273,721,817,274,722,817,275,589,694,142
2025-05-29T01:59:55.493086,1403,697,953,723,820,273,724,820,274,725,820,275,592,697,142
2025-05-29T01:59:56.496654,1414,698,963,724,821,273,725,821,274,726,821,275,593,698,142
2025-05-29T01:59:57.500310,1423,707,969,733,833,279,734,833,280,735,833,281,599,707,145
2025-05-29T01:59:58.504026,1432,709,976,735,835,279,736,835,280,737,835,281,601,709,145
2025-05-29T01:59:59.507781,1444,712,985,738,838,279,739,838,280,740,838,281,604,712,145
2025-05-29T02:00:00.511512,1454,713,994,739,839,279,740,839,280,741,839,281,605,713,145
2025-05-29T02:00:01.515226,1467,716,1004,742,842,279,743,842,280,744,842,281,608,716,145
2025-05-29T02:00:02.518926,1480,723,1016,749,852,285,750,852,286,751,852,287,612,723,148
2025-05-29T02:00:03.522552,1494,727,1026,753,856,285,755,856,287,755,856,287,616,727,148
2025-05-29T02:00:04.526202,1505,728,1036,754,857,285,756,857,287,756,857,287,617,728,148
2025-05-29T02:00:05.529843,1518,731,1046,757,860,285,759,860,287,759,860,287,620,731,148
2025-05-29T02:00:06.533512,1529,732,1056,758,861,285,760,861,287,760,861,287,621,732,148
2025-05-29T02:00:07.537212,1545,741,1069,767,873,291,769,873,293,769,873,293,627,741,151
2025-05-29T02:00:08.541016,1556,743,1078,769,875,291,771,875,293,771,875,293,629,743,151
2025-05-29T02:00:09.544736,1569,746,1088,772,878,291,774,878,293,774,878,293,632,746,151
2025-05-29T02:00:10.548399,1580,747,1098,773,879,291,775,879,293,775,879,293,633,747,151
2025-05-29T02:00:11.552244,1592,750,1107,776,882,291,778,882,293,778,882,293,636,750,151
2025-05-29T02:00:12.556048,1606,757,1120,783,892,297,785,892,299,785,892,299,640,757,154
2025-05-29T02:00:13.559767,1618,761,1128,787,896,297,789,896,299,789,896,299,644,761,154
2025-05-29T02:00:14.563477,1620,762,1129,788,897,297,790,897,299,790,897,299,645,762,154
2025-05-29T02:00:15.567179,1633,765,1139,791,900,297,793,900,299,793,900,299,648,765,154
2025-05-29T02:00:16.570937,1644,766,1149,792,901,297,794,901,299,794,901,299,649,766,154
2025-05-29T02:00:17.574638,1660,775,1162,801,913,303,803,913,305,803,913,305,655,775,157
2025-05-29T02:00:18.578291,1672,777,1172,803,915,303,805,915,305,805,915,305,657,777,157
2025-05-29T02:00:19.582064,1684,780,1181,806,918,303,808,918,305,808,918,305,660,780,157
2025-05-29T02:00:20.585694,1695,781,1191,807,919,303,809,919,305,809,919,305,661,781,157
2025-05-29T02:00:21.589562,1708,784,1201,810,922,303,812,922,305,812,922,305,664,784,157
2025-05-29T02:00:22.593497,1722,791,1214,817,932,309,819,932,311,819,932,311,668,791,160
2025-05-29T02:00:23.597295,1735,795,1223,821,936,309,823,936,311,823,936,311,672,795,160
2025-05-29T02:00:24.600958,1746,796,1233,822,937,309,824,937,311,824,937,311,673,796,160
2025-05-29T02:00:25.604644,1759,799,1243,825,940,309,828,940,312,827,940,311,676,799,160
2025-05-29T02:00:26.608578,1769,800,1252,826,941,309,829,941,312,828,941,311,677,800,160
2025-05-29T02:00:27.612640,1777,809,1257,835,953,315,838,953,318,837,953,317,683,809,163
2025-05-29T02:00:28.616846,1787,811,1265,837,955,315,840,955,318,839,955,317,685,811,163
2025-05-29T02:00:29.620642,1800,814,1275,840,958,315,843,958,318,842,958,317,688,814,163
2025-05-29T02:00:30.624364,1811,815,1285,841,959,315,844,959,318,843,959,317,689,815,163
2025-05-29T02:00:31.627694,1824,818,1295,844,962,315,848,962,319,847,962,318,693,818,164
2025-05-29T02:00:32.631338,1837,825,1307,851,972,321,855,972,325,854,972,324,697,825,167
2025-05-29T02:00:33.635000,1851,829,1317,856,976,322,859,976,325,858,976,324,701,829,167
2025-05-29T02:00:34.638687,1855,830,1320,857,977,322,860,977,325,859,977,324,702,830,167
2025-05-29T02:00:35.642357,1864,833,1326,860,980,322,863,980,325,862,980,324,705,833,167
2025-05-29T02:00:36.646138,1875,834,1336,862,981,323,864,981,325,863,981,324,706,834,167
2025-05-29T02:00:37.649858,1891,843,1349,871,993,329,873,993,331,872,993,330,712,843,170
2025-05-29T02:00:38.653486,1897,845,1353,873,995,329,875,995,331,874,995,330,714,845,170
2025-05-29T02:00:39.657154,1905,848,1358,876,998,329,878,998,331,877,998,330,717,848,170
2025-05-29T02:00:40.660797,1915,849,1367,877,999,329,879,999,331,878,999,330,718,849,170
2025-05-29T02:00:41.664547,1919,852,1368,880,1002,329,882,1002,331,881,1002,330,721,852,170
2025-05-29T02:00:42.668158,1923,859,1371,887,1012,335,889,1012,337,888,1012,336,725,859,173
2025-05-29T02:00:43.671791,1927,863,1371,891,1016,335,893,1016,337,892,1016,336,729,863,173
2025-05-29T02:00:44.675467,1928,864,1371,892,1017,335,894,1017,337,894,1017,337,730,864,173
2025-05-29T02:00:45.679260,1932,868,1371,896,1021,335,898,1021,337,898,1021,337,734,868,173
2025-05-29T02:00:46.683055,1938,877,1374,902,1033,338,907,1033,343,906,1033,342,740,877,176
2025-05-29T02:00:47.687136,1940,879,1374,907,1035,341,909,1035,343,909,1035,343,742,879,176
2025-05-29T02:00:48.690807,1943,882,1374,910,1038,341,912,1038,343,912,1038,343,745,882,176
2025-05-29T02:00:49.694356,1944,883,1374,911,1039,341,913,1039,343,913,1039,343,746,883,176
2025-05-29T02:00:50.697775,1947,886,1374,914,1042,341,916,1042,343,916,1042,343,749,886,176
2025-05-29T02:00:51.701400,1951,893,1377,921,1052,347,923,1052,349,923,1052,349,753,893,179
2025-05-29T02:00:52.704946,1956,897,1378,925,1056,347,927,1056,349,927,1056,349,758,897,180
2025-05-29T02:00:53.708499,1957,898,1378,926,1057,347,928,1057,349,928,1057,349,759,898,180
2025-05-29T02:00:54.712194,1960,901,1378,929,1060,347,931,1060,349,931,1060,349,762,901,180
2025-05-29T02:00:55.715790,1961,902,1378,930,1061,347,932,1061,349,932,1061,349,763,902,180
2025-05-29T02:00:56.719346,1967,911,1381,939,1073,353,941,1073,355,941,1073,355,769,911,183
2025-05-29T02:00:57.722878,1969,913,1381,941,1075,353,943,1075,355,943,1075,355,771,913,183
2025-05-29T02:00:58.726411,1972,916,1381,944,1078,353,946,1078,355,946,1078,355,774,916,183
2025-05-29T02:00:59.729975,1973,917,1381,945,1079,353,947,1079,355,947,1079,355,775,917,183
2025-05-29T02:01:00.733520,1976,920,1381,948,1082,353,950,1082,355,951,1082,356,778,920,183
2025-05-29T02:01:01.737273,1980,927,1384,955,1092,359,957,1092,361,958,1092,362,782,927,186
2025-05-29T02:01:02.741056,1984,931,1384,959,1096,359,961,1096,361,962,1096,362,786,931,186
2025-05-29T02:01:03.744869,1985,932,1384,960,1097,359,962,1097,361,963,1097,362,787,932,186
2025-05-29T02:01:04.748535,1988,935,1384,963,1100,359,965,1100,361,966,1100,362,790,935,186
2025-05-29T02:01:05.752297,1989,936,1384,964,1101,359,966,1101,361,967,1101,362,791,936,186
2025-05-29T02:01:06.756050,1995,945,1387,973,1113,365,975,1113,367,976,1113,368,797,945,189
2025-05-29T02:01:07.759844,1997,947,1387,975,1115,365,977,1115,367,978,1115,368,799,947,189
2025-05-29T02:01:08.763553,2001,950,1388,979,1118,366,980,1118,367,981,1118,368,802,950,189
2025-05-29T02:01:09.767379,2002,951,1388,980,1119,366,981,1119,367,982,1119,368,803,951,189
2025-05-29T02:01:10.771095,2005,954,1388,983,1122,366,984,1122,367,985,1122,368,806,954,189
2025-05-29T02:01:11.774786,2009,961,1391,990,1132,372,991,1132,373,992,1132,374,810,961,192
2025-05-29T02:01:12.778680,2013,965,1391,994,1136,372,995,1136,373,996,1136,374,814,965,192
2025-05-29T02:01:13.781656,2014,966,1391,995,1137,372,996,1137,373,997,1137,374,815,966,192
2025-05-29T02:01:14.785514,2017,969,1391,998,1140,372,999,1140,373,1000,1140,374,818,969,192
2025-05-29T02:01:15.789174,2018,970,1391,999,1141,372,1000,1141,373,1001,1141,374,819,970,192
2025-05-29T02:01:16.793113,2024,979,1394,1008,1153,378,1009,1153,379,1010,1153,380,825,979,195
2025-05-29T02:01:17.796744,2026,981,1394,1010,1155,378,1011,1155,379,1012,1155,380,827,981,195
2025-05-29T02:01:18.800365,2029,984,1394,1013,1158,378,1014,1158,379,1015,1158,380,830,984,195
2025-05-29T02:01:19.804028,2030,985,1394,1014,1159,378,1015,1159,379,1016,1159,380,831,985,195
2025-05-29T02:01:20.807539,2033,988,1394,1017,1162,378,1018,1162,379,1019,1162,380,834,988,195
2025-05-29T02:01:21.811237,2037,995,1397,1024,1172,384,1025,1172,385,1026,1172,386,838,995,198
2025-05-29T02:01:22.814949,2041,999,1397,1028,1176,384,1029,1176,385,1030,1176,386,842,999,198
2025-05-29T02:01:23.818657,2042,1000,1397,1029,1177,384,1030,1177,385,1031,1177,386,843,1000,198
2025-05-29T02:01:24.822299,2045,1003,1397,1032,1180,384,1033,1180,385,1034,1180,386,846,1003,198
2025-05-29T02:01:25.826294,2046,1004,1397,1033,1181,384,1034,1181,385,1035,1181,386,847,1004,198
2025-05-29T02:01:26.830240,2052,1013,1400,1042,1193,390,1043,1193,391,1044,1193,392,853,1013,201
2025-05-29T02:01:27.833909,2054,1015,1400,1044,1195,390,1045,1195,391,1046,1195,392,855,1015,201
2025-05-29T02:01:28.837578,2057,1018,1400,1047,1198,390,1048,1198,391,1049,1198,392,858,1018,201
2025-05-29T02:01:29.841217,2058,1019,1400,1048,1199,390,1049,1199,391,1050,1199,392,859,1019,201
2025-05-29T02:01:30.844753,2061,1022,1400,1051,1202,390,1052,1202,391,1053,1202,392,862,1022,201
2025-05-29T02:01:31.848669,2065,1029,1403,1058,1212,396,1059,1212,397,1060,1212,398,866,1029,204
2025-05-29T02:01:32.851648,2069,1033,1403,1062,1216,396,1063,1216,397,1064,1216,398,870,1033,204
2025-05-29T02:01:33.855302,2070,1034,1403,1063,1217,396,1064,1217,397,1065,1217,398,871,1034,204
2025-05-29T02:01:34.858867,2073,1037,1403,1066,1220,396,1067,1220,397,1068,1220,398,874,1037,204
2025-05-29T02:01:35.862546,2074,1038,1403,1067,1221,396,1068,1221,397,1069,1221,398,875,1038,204
2025-05-29T02:01:36.866217,2080,1047,1406,1076,1233,402,1077,1233,403,1078,1233,404,881,1047,207
2025-05-29T02:01:37.869848,2082,1049,1406,1078,1235,402,1079,1235,403,1080,1235,404,883,1049,207
2025-05-29T02:01:38.873487,2085,1052,1406,1081,1238,402,1082,1238,403,1083,1238,404,886,1052,207
2025-05-29T02:01:39.877043,2086,1053,1406,1082,1239,402,1083,1239,403,1084,1239,404,887,1053,207
2025-05-29T02:01:40.880465,2089,1056,1406,1085,1242,402,1086,1242,403,1087,1242,404,890,1056,207
2025-05-29T02:01:41.884372,2094,1063,1410,1092,1252,408,1093,1252,409,1094,1252,410,894,1063,210
2025-05-29T02:01:42.888073,2108,1067,1420,1096,1256,408,1097,1256,409,1098,1256,410,898,1067,210
2025-05-29T02:01:43.891721,2113,1068,1424,1097,1257,408,1098,1257,409,1099,1257,410,899,1068,210
2025-05-29T02:01:44.895278,2122,1071,1430,1100,1260,408,1101,1260,409,1102,1260,410,902,1071,210
2025-05-29T02:01:45.898985,2132,1072,1439,1101,1261,408,1102,1261,409,1103,1261,410,903,1072,210
2025-05-29T02:01:46.902546,2148,1081,1452,1110,1273,414,1111,1273,415,1112,1273,416,909,1081,213
2025-05-29T02:01:47.906235,2155,1083,1457,1112,1275,414,1113,1275,415,1114,1275,416,911,1083,213
2025-05-29T02:01:48.910012,2163,1086,1462,1115,1278,414,1116,1278,415,1117,1278,416,914,1086,213
2025-05-29T02:01:49.913789,2174,1087,1472,1116,1279,414,1117,1279,415,1118,1279,416,915,1087,213
2025-05-29T02:01:50.917445,2187,1090,1482,1119,1282,414,1120,1282,415,1121,1282,416,918,1090,213
2025-05-29T02:01:51.921154,2200,1097,1494,1126,1292,420,1127,1292,421,1128,1292,422,922,1097,216
2025-05-29T02:01:52.924666,2214,1101,1504,1130,1296,420,1131,1296,421,1132,1296,422,926,1101,216
2025-05-29T02:01:53.927723,2225,1102,1514,1131,1297,420,1132,1297,421,1133,1297,422,927,1102,216
2025-05-29T02:01:54.931876,2234,1105,1520,1134,1300,420,1135,1300,421,1136,1300,422,930,1105,216
2025-05-29T02:01:55.935495,2239,1106,1524,1135,1301,420,1136,1301,421,1137,1301,422,931,1106,216
2025-05-29T02:01:56.939281,2255,1115,1537,1144,1313,426,1145,1313,427,1146,1313,428,937,1115,219
2025-05-29T02:01:57.943049,2267,1117,1547,1146,1315,426,1147,1315,427,1148,1315,428,939,1117,219
2025-05-29T02:01:58.946939,2279,1120,1556,1149,1318,426,1150,1318,427,1151,1318,428,942,1120,219
2025-05-29T02:01:59.950896,2290,1121,1566,1150,1319,426,1151,1319,427,1152,1319,428,943,1121,219
2025-05-29T02:02:00.954896,2303,1124,1576,1153,1322,426,1154,1322,427,1155,1322,428,946,1124,219
2025-05-29T02:02:01.958576,2317,1131,1589,1160,1332,432,1161,1332,433,1162,1332,434,950,1131,222
2025-05-29T02:02:02.962404,2330,1135,1598,1164,1336,432,1165,1336,433,1166,1336,434,954,1135,222
2025-05-29T02:02:03.966190,2341,1136,1608,1165,1337,432,1166,1337,433,1167,1337,434,955,1136,222
2025-05-29T02:02:04.969967,2353,1139,1617,1168,1340,432,1169,1340,433,1170,1340,434,958,1139,222
2025-05-29T02:02:05.973986,2364,1140,1627,1169,1341,432,1170,1341,433,1171,1341,434,959,1140,222
2025-05-29T02:02:06.977789,2381,1149,1641,1178,1353,438,1179,1353,439,1180,1353,440,965,1149,225
2025-05-29T02:02:07.981469,2391,1151,1649,1180,1355,438,1181,1355,439,1182,1355,440,967,1151,225
2025-05-29T02:02:08.985296,2396,1154,1651,1183,1358,438,1184,1358,439,1185,1358,440,970,1154,225
2025-05-29T02:02:09.989213,2407,1155,1661,1184,1359,438,1185,1359,439,1186,1359,440,971,1155,225
2025-05-29T02:02:10.993238,2420,1158,1671,1187,1362,438,1188,1362,439,1189,1362,440,974,1158,225
2025-05-29T02:02:11.996726,2433,1165,1683,1194,1372,444,1195,1372,445,1196,1372,446,978,1165,228
2025-05-29T02:02:13.000422,2446,1169,1692,1198,1376,444,1199,1376,445,1200,1376,446,982,1169,228
2025-05-29T02:02:14.004154,2457,1170,1702,1199,1377,444,1200,1377,445,1201,1377,446,983,1170,228
2025-05-29T02:02:15.007903,2469,1173,1711,1202,1380,444,1203,1380,445,1204,1380,446,986,1173,228
2025-05-29T02:02:16.011724,2480,1174,1721,1203,1381,444,1204,1381,445,1205,1381,446,987,1174,228
2025-05-29T02:02:17.015494,2496,1183,1734,1212,1393,450,1213,1393,451,1214,1393,452,993,1183,231
2025-05-29T02:02:18.018676,2507,1185,1743,1214,1395,450,1215,1395,451,1216,1395,452,995,1185,231
2025-05-29T02:02:19.022858,2520,1188,1753,1217,1398,450,1218,1398,451,1219,1398,452,998,1188,231
2025-05-29T02:02:20.026558,2531,1189,1763,1218,1399,450,1219,1399,451,1220,1399,452,999,1189,231
2025-05-29T02:02:21.030487,2543,1192,1772,1221,1402,450,1222,1402,451,1223,1402,452,1002,1192,231
2025-05-29T02:02:22.033371,2556,1199,1784,1228,1412,456,1229,1412,457,1230,1412,458,1006,1199,234
2025-05-29T02:02:23.037428,2570,1203,1794,1232,1416,456,1233,1416,457,1234,1416,458,1010,1203,234
2025-05-29T02:02:24.041318,2581,1204,1804,1233,1417,456,1234,1417,457,1235,1417,458,1011,1204,234
2025-05-29T02:02:25.045370,2588,1207,1808,1236,1420,456,1237,1420,457,1238,1420,458,1014,1207,234
2025-05-29T02:02:26.049296,2595,1208,1814,1237,1421,456,1238,1421,457,1239,1421,458,1015,1208,234
2025-05-29T02:02:27.053176,2610,1217,1826,1246,1433,462,1247,1433,463,1248,1433,464,1021,1217,237
2025-05-29T02:02:28.057099,2622,1219,1836,1248,1435,462,1249,1435,463,1250,1435,464,1023,1219,237
2025-05-29T02:02:29.060934,2635,1222,1846,1251,1438,462,1252,1438,463,1253,1438,464,1026,1222,237
2025-05-29T02:02:30.064931,2646,1223,1856,1252,1439,462,1253,1439,463,1254,1439,464,1027,1223,237
2025-05-29T02:02:31.069013,2659,1226,1866,1255,1442,462,1256,1442,463,1257,1442,464,1030,1226,237
2025-05-29T02:02:32.072683,2672,1233,1878,1262,1452,468,1263,1452,469,1264,1452,470,1034,1233,240
2025-05-29T02:02:33.076467,2686,1237,1888,1266,1456,468,1267,1456,469,1268,1456,470,1038,1237,240
2025-05-29T02:02:34.080208,2697,1238,1898,1267,1457,468,1268,1457,469,1269,1457,470,1039,1238,240
2025-05-29T02:02:35.083809,2710,1241,1908,1270,1460,468,1271,1460,469,1272,1460,470,1042,1241,240
2025-05-29T02:02:36.087761,2720,1242,1917,1271,1461,468,1272,1461,469,1273,1461,470,1043,1242,240
2025-05-29T02:02:37.091491,2736,1251,1930,1280,1473,474,1281,1473,475,1282,1473,476,1049,1251,243
2025-05-29T02:02:38.095093,2745,1253,1937,1282,1475,474,1283,1475,475,1284,1475,476,1051,1253,243
2025-05-29T02:02:39.098822,2751,1256,1940,1285,1478,474,1286,1478,475,1287,1478,476,1054,1256,243
2025-05-29T02:02:40.102477,2762,1257,1950,1286,1479,474,1287,1479,475,1288,1479,476,1055,1257,243
2025-05-29T02:02:41.106527,2775,1260,1960,1289,1482,474,1290,1482,475,1291,1482,476,1058,1260,243
2025-05-29T02:02:42.110328,2788,1267,1972,1296,1492,480,1297,1492,481,1298,1492,482,1062,1267,246
2025-05-29T02:02:43.114092,2801,1271,1981,1300,1496,480,1301,1496,481,1302,1496,482,1066,1271,246
2025-05-29T02:02:44.118135,2811,1272,1990,1301,1497,480,1302,1497,481,1303,1497,482,1067,1272,246
2025-05-29T02:02:45.121936,2824,1275,2000,1304,1500,480,1305,1500,481,1306,1500,482,1070,1275,246
2025-05-29T02:02:46.125681,2825,1276,2000,1305,1501,480,1306,1501,481,1307,1501,482,1071,1276,246
2025-05-29T02:02:47.129455,2840,1285,2012,1314,1513,486,1315,1513,487,1316,1513,488,1077,1285,249
2025-05-29T02:02:48.133226,2851,1287,2021,1316,1515,486,1317,1515,487,1318,1515,488,1079,1287,249
2025-05-29T02:02:49.137232,2864,1290,2031,1319,1518,486,1320,1518,487,1321,1518,488,1082,1290,249
2025-05-29T02:02:50.140684,2867,1291,2033,1320,1519,486,1321,1519,487,1322,1519,488,1083,1291,249
2025-05-29T02:02:51.144291,2878,1294,2041,1323,1522,486,1324,1522,487,1325,1522,488,1086,1294,249
2025-05-29T02:02:52.148014,2889,1301,2051,1330,1532,492,1331,1532,493,1332,1532,494,1090,1301,252
2025-05-29T02:02:53.151818,2893,1305,2051,1334,1536,492,1335,1536,493,1336,1536,494,1094,1305,252
2025-05-29T02:02:54.155545,2894,1306,2051,1335,1537,492,1336,1537,493,1337,1537,494,1095,1306,252
2025-05-29T02:02:55.159399,2897,1309,2051,1338,1540,492,1339,1540,493,1340,1540,494,1098,1309,252
2025-05-29T02:02:56.163221,2898,1310,2051,1339,1541,492,1340,1541,493,1341,1541,494,1099,1310,252
2025-05-29T02:02:57.167024,2904,1319,2054,1348,1553,498,1349,1553,499,1350,1553,500,1105,1319,255
2025-05-29T02:02:58.170644,2906,1321,2054,1350,1555,498,1351,1555,499,1352,1555,500,1107,1321,255
2025-05-29T02:02:59.174697,2909,1324,2054,1353,1558,498,1354,1558,499,1355,1558,500,1110,1324,255
2025-05-29T02:03:00.178147,2910,1325,2054,1354,1559,498,1355,1559,499,1356,1559,500,1111,1325,255
2025-05-29T02:03:01.182109,2913,1328,2054,1357,1562,498,1358,1562,499,1359,1562,500,1114,1328,255
2025-05-29T02:03:02.185652,2917,1335,2057,1364,1572,504,1365,1572,505,1366,1572,506,1118,1335,258
2025-05-29T02:03:03.189857,2921,1339,2057,1368,1576,504,1369,1576,505,1370,1576,506,1122,1339,258
2025-05-29T02:03:04.194236,2922,1340,2057,1369,1577,504,1370,1577,505,1371,1577,506,1123,1340,258
2025-05-29T02:03:05.198157,2925,1343,2057,1372,1580,504,1373,1580,505,1374,1580,506,1126,1343,258
2025-05-29T02:03:06.202263,2926,1344,2057,1373,1581,504,1374,1581,505,1375,1581,506,1127,1344,258
2025-05-29T02:03:07.206188,2932,1353,2060,1382,1593,510,1383,1593,511,1384,1593,512,1133,1353,261
2025-05-29T02:03:08.209934,2934,1355,2060,1384,1595,510,1385,1595,511,1386,1595,512,1135,1355,261
2025-05-29T02:03:09.213955,2937,1358,2060,1387,1598,510,1388,1598,511,1389,1598,512,1138,1358,261
2025-05-29T02:03:10.217976,2938,1359,2060,1388,1599,510,1389,1599,511,1390,1599,512,1139,1359,261
2025-05-29T02:03:11.221917,2941,1362,2060,1391,1602,510,1392,1602,511,1393,1602,512,1142,1362,261
2025-05-29T02:03:12.225936,2945,1369,2063,1398,1612,516,1399,1612,517,1400,1612,518,1146,1369,264
2025-05-29T02:03:13.229779,2949,1373,2063,1402,1616,516,1403,1616,517,1404,1616,518,1150,1373,264
2025-05-29T02:03:14.233563,2950,1374,2063,1403,1617,516,1404,1617,517,1405,1617,518,1151,1374,264
2025-05-29T02:03:15.237576,2953,1377,2063,1406,1620,516,1407,1620,517,1408,1620,518,1154,1377,264
2025-05-29T02:03:16.241637,2954,1378,2063,1407,1621,516,1408,1621,517,1409,1621,518,1155,1378,264
2025-05-29T02:03:17.245267,2960,1387,2066,1416,1633,522,1417,1633,523,1418,1633,524,1161,1387,267
2025-05-29T02:03:18.249071,2962,1389,2066,1418,1635,522,1419,1635,523,1420,1635,524,1163,1389,267
2025-05-29T02:03:19.252878,2965,1392,2066,1421,1638,522,1422,1638,523,1423,1638,524,1166,1392,267
2025-05-29T02:03:20.256807,2966,1393,2066,1422,1639,522,1424,1639,524,1424,1639,524,1167,1393,267
2025-05-29T02:03:21.261011,2969,1396,2066,1425,1642,522,1427,1642,524,1427,1642,524,1170,1396,267
2025-05-29T02:03:22.264664,2973,1403,2069,1432,1652,528,1434,1652,530,1434,1652,530,1174,1403,270
2025-05-29T02:03:23.268417,2977,1407,2069,1436,1656,528,1438,1656,530,1438,1656,530,1178,1407,270
2025-05-29T02:03:24.272542,2978,1408,2069,1437,1657,528,1439,1657,530,1439,1657,530,1179,1408,270
2025-05-29T02:03:25.276496,2981,1411,2069,1440,1660,528,1442,1660,530,1442,1660,530,1182,1411,270
2025-05-29T02:03:26.280249,2982,1412,2069,1441,1661,528,1443,1661,530,1443,1661,530,1183,1412,270
2025-05-29T02:03:27.283849,2988,1421,2072,1450,1673,534,1452,1673,536,1452,1673,536,1189,1421,273
2025-05-29T02:03:28.287800,2990,1423,2072,1452,1675,534,1454,1675,536,1454,1675,536,1191,1423,273
2025-05-29T02:03:29.291805,2993,1426,2072,1455,1678,534,1457,1678,536,1457,1678,536,1194,1426,273
2025-05-29T02:03:30.295995,2994,1427,2072,1456,1679,534,1458,1679,536,1458,1679,536,1195,1427,273
2025-05-29T02:03:31.300000,2997,1430,2072,1459,1682,534,1461,1682,536,1461,1682,536,1198,1430,273
2025-05-29T02:03:32.303890,3001,1437,2075,1466,1692,540,1468,1692,542,1468,1692,542,1202,1437,276
2025-05-29T02:03:33.307723,3005,1441,2075,1470,1696,540,1472,1696,542,1472,1696,542,1206,1441,276
2025-05-29T02:03:34.311570,3006,1442,2075,1471,1697,540,1473,1697,542,1473,1697,542,1207,1442,276
2025-05-29T02:03:35.315242,3009,1445,2075,1474,1700,540,1476,1700,542,1476,1700,542,1210,1445,276
2025-05-29T02:03:36.318928,3010,1446,2075,1475,1701,540,1477,1701,542,1477,1701,542,1211,1446,276
2025-05-29T02:03:37.322632,3016,1455,2078,1484,1713,546,1486,1713,548,1486,1713,548,1217,1455,279
2025-05-29T02:03:38.326205,3018,1457,2078,1486,1715,546,1488,1715,548,1488,1715,548,1219,1457,279
2025-05-29T02:03:39.329825,3021,1460,2078,1489,1718,546,1491,1718,548,1491,1718,548,1222,1460,279
2025-05-29T02:03:40.333388,3022,1461,2078,1490,1719,546,1492,1719,548,1492,1719,548,1223,1461,279
2025-05-29T02:03:41.337062,3025,1464,2078,1493,1722,546,1495,1722,548,1495,1722,548,1226,1464,279
2025-05-29T02:03:42.340729,3029,1471,2081,1500,1732,552,1502,1732,554,1502,1732,554,1230,1471,282
2025-05-29T02:03:43.344356,3033,1475,2081,1504,1736,552,1506,1736,554,1506,1736,554,1234,1475,282
2025-05-29T02:03:44.348038,3034,1476,2081,1505,1737,552,1507,1737,554,1507,1737,554,1235,1476,282
2025-05-29T02:03:45.351658,3037,1479,2081,1508,1740,552,1510,1740,554,1510,1740,554,1238,1479,282
2025-05-29T02:03:46.355263,3038,1480,2081,1509,1741,552,1511,1741,554,1511,1741,554,1239,1480,282
2025-05-29T02:03:47.358987,3044,1489,2084,1518,1753,558,1520,1753,560,1520,1753,560,1245,1489,285
2025-05-29T02:03:48.363076,3046,1491,2084,1520,1755,558,1522,1755,560,1522,1755,560,1247,1491,285
2025-05-29T02:03:49.366941,3049,1494,2084,1523,1758,558,1525,1758,560,1525,1758,560,1250,1494,285
2025-05-29T02:03:50.370876,3050,1495,2084,1524,1759,558,1526,1759,560,1526,1759,560,1251,1495,285
2025-05-29T02:03:51.374639,3053,1498,2084,1527,1762,558,1529,1762,560,1529,1762,560,1254,1498,285
2025-05-29T02:03:52.378379,3057,1505,2087,1534,1772,564,1536,1772,566,1536,1772,566,1258,1505,288
2025-05-29T02:03:53.382059,3061,1509,2087,1538,1776,564,1540,1776,566,1540,1776,566,1262,1509,288
2025-05-29T02:03:54.385740,3062,1510,2087,1539,1777,564,1541,1777,566,1541,1777,566,1263,1510,288
2025-05-29T02:03:55.389411,3065,1513,2087,1542,1780,564,1544,1780,566,1544,1780,566,1266,1513,288
2025-05-29T02:03:56.393142,3066,1514,2087,1543,1781,564,1545,1781,566,1545,1781,566,1267,1514,288
2025-05-29T02:03:57.396832,3072,1523,2090,1552,1793,570,1554,1793,572,1554,1793,572,1273,1523,291
2025-05-29T02:03:58.400527,3074,1525,2090,1554,1795,570,1556,1795,572,1556,1795,572,1275,1525,291
2025-05-29T02:03:59.404226,3077,1528,2090,1557,1798,570,1559,1798,572,1559,1798,572,1278,1528,291
2025-05-29T02:04:00.408037,3078,1529,2090,1558,1799,570,1560,1799,572,1560,1799,572,1279,1529,291
2025-05-29T02:04:01.411996,3081,1532,2090,1561,1802,570,1563,1802,572,1563,1802,572,1282,1532,291
2025-05-29T02:04:02.415748,3085,1539,2093,1568,1812,576,1570,1812,578,1570,1812,578,1286,1539,294
2025-05-29T02:04:03.419403,3089,1543,2093,1572,1816,576,1574,1816,578,1574,1816,578,1290,1543,294
2025-05-29T02:04:04.423073,3090,1544,2093,1573,1817,576,1575,1817,578,1575,1817,578,1291,1544,294
2025-05-29T02:04:05.426786,3093,1547,2093,1576,1820,576,1578,1820,578,1578,1820,578,1294,1547,294
2025-05-29T02:04:06.430398,3094,1548,2093,1577,1821,576,1579,1821,578,1579,1821,578,1295,1548,294
2025-05-29T02:04:07.434044,3100,1557,2096,1586,1833,582,1588,1833,584,1588,1833,584,1301,1557,297
2025-05-29T02:04:08.437654,3102,1559,2096,1588,1835,582,1590,1835,584,1590,1835,584,1303,1559,297
2025-05-29T02:04:09.441282,3105,1562,2096,1591,1838,582,1593,1838,584,1593,1838,584,1306,1562,297
2025-05-29T02:04:10.444906,3106,1563,2096,1592,1839,582,1594,1839,584,1594,1839,584,1307,1563,297
2025-05-29T02:04:11.448665,3109,1566,2096,1595,1842,582,1597,1842,584,1597,1842,584,1310,1566,297
2025-05-29T02:04:12.452300,3113,1573,2099,1602,1852,588,1604,1852,590,1604,1852,590,1314,1573,300
2025-05-29T02:04:13.456058,3117,1577,2099,1606,1856,588,1608,1856,590,1608,1856,590,1318,1577,300
2025-05-29T02:04:14.459743,3118,1578,2099,1607,1857,588,1609,1857,590,1609,1857,590,1319,1578,300
2025-05-29T02:04:15.463354,3121,1581,2099,1610,1860,588,1612,1860,590,1612,1860,590,1322,1581,300
2025-05-29T02:04:16.467069,3122,1582,2099,1611,1861,588,1613,1861,590,1613,1861,590,1323,1582,300
2025-05-29T02:04:17.470544,3128,1591,2102,1620,1873,594,1622,1873,596,1622,1873,596,1329,1591,303
2025-05-29T02:04:18.474245,3130,1593,2102,1622,1875,594,1624,1875,596,1624,1875,596,1331,1593,303
2025-05-29T02:04:19.478030,3133,1596,2102,1625,1878,594,1627,1878,596,1627,1878,596,1334,1596,303
2025-05-29T02:04:20.481667,3134,1597,2102,1626,1879,594,1628,1879,596,1628,1879,596,1335,1597,303
2025-05-29T02:04:21.485281,3137,1600,2102,1629,1882,594,1631,1882,596,1631,1882,596,1338,1600,303
2025-05-29T02:04:22.489024,3141,1607,2105,1636,1892,600,1638,1892,602,1638,1892,602,1342,1607,306
2025-05-29T02:04:23.492576,3145,1611,2105,1640,1896,600,1642,1896,602,1642,1896,602,1346,1611,306
2025-05-29T02:04:24.496342,3146,1612,2105,1641,1897,600,1643,1897,602,1643,1897,602,1347,1612,306
2025-05-29T02:04:25.500143,3149,1615,2105,1644,1900,600,1647,1900,603,1646,1900,602,1350,1615,306
2025-05-29T02:04:26.503888,3150,1616,2105,1645,1901,600,1648,1901,603,1647,1901,602,1351,1616,306
2025-05-29T02:04:27.507473,3156,1625,2108,1654,1913,606,1657,1913,609,1656,1913,608,1357,1625,309
2025-05-29T02:04:28.511216,3158,1627,2108,1656,1915,606,1659,1915,609,1658,1915,608,1359,1627,309
2025-05-29T02:04:29.515105,3161,1630,2108,1659,1918,606,1662,1918,609,1661,1918,608,1362,1630,309
2025-05-29T02:04:30.518933,3162,1631,2108,1660,1919,606,1663,1919,609,1662,1919,608,1363,1631,309
2025-05-29T02:04:31.522842,3165,1634,2108,1663,1922,606,1666,1922,609,1665,1922,608,1366,1634,309
2025-05-29T02:04:32.526536,3169,1641,2111,1670,1932,612,1673,1932,615,1672,1932,614,1370,1641,312
2025-05-29T02:04:33.530347,3173,1645,2111,1674,1936,612,1677,1936,615,1676,1936,614,1374,1645,312
2025-05-29T02:04:34.534176,3174,1646,2111,1675,1937,612,1678,1937,615,1677,1937,614,1375,1646,312
2025-05-29T02:04:35.538071,3177,1649,2111,1678,1940,612,1681,1940,615,1680,1940,614,1378,1649,312
2025-05-29T02:04:36.541743,3178,1650,2111,1679,1941,612,1682,1941,615,1681,1941,614,1379,1650,312
2025-05-29T02:04:37.545188,3184,1659,2114,1688,1953,618,1691,1953,621,1690,1953,620,1385,1659,315
2025-05-29T02:04:38.548940,3186,1661,2114,1690,1955,618,1693,1955,621,1692,1955,620,1387,1661,315
2025-05-29T02:04:39.552837,3189,1664,2114,1693,1958,618,1696,1958,621,1695,1958,620,1390,1664,315
2025-05-29T02:04:40.556632,3190,1665,2114,1694,1959,618,1697,1959,621,1696,1959,620,1391,1665,315
2025-05-29T02:04:41.560407,3193,1668,2114,1697,1962,618,1701,1962,622,1701,1962,622,1395,1668,316
2025-05-29T02:04:42.564211,3197,1675,2117,1704,1972,624,1708,1972,628,1708,1972,628,1399,1675,319
2025-05-29T02:04:43.567912,3201,1679,2117,1708,1976,624,1712,1976,628,1712,1976,628,1403,1679,319
2025-05-29T02:04:44.571731,3202,1680,2117,1709,1977,624,1713,1977,628,1713,1977,628,1404,1680,319
2025-05-29T02:04:45.575618,3205,1683,2117,1712,1980,624,1716,1980,628,1716,1980,628,1407,1683,319
2025-05-29T02:04:46.579290,3206,1684,2117,1713,1981,624,1717,1981,628,1717,1981,628,1408,1684,319
2025-05-29T02:04:47.583096,3212,1693,2120,1722,1993,630,1726,1993,634,1726,1993,634,1414,1693,322
2025-05-29T02:04:48.586899,3214,1695,2120,1724,1995,630,1728,1995,634,1728,1995,634,1416,1695,322
2025-05-29T02:04:49.590666,3217,1698,2120,1727,1998,630,1731,1998,634,1731,1998,634,1419,1698,322
2025-05-29T02:04:50.594354,3218,1699,2120,1728,1999,630,1732,1999,634,1732,1999,634,1420,1699,322
2025-05-29T02:04:51.598301,3221,1702,2120,1731,2002,630,1735,2002,634,1735,2002,634,1423,1702,322
2025-05-29T02:04:52.602239,3225,1709,2123,1738,2012,636,1742,2012,640,1742,2012,640,1427,1709,325
2025-05-29T02:04:53.606353,3229,1713,2123,1742,2016,636,1746,2016,640,1746,2016,640,1431,1713,325
2025-05-29T02:04:54.610296,3230,1714,2123,1743,2017,636,1747,2017,640,1747,2017,640,1432,1714,325
2025-05-29T02:04:55.614042,3233,1717,2123,1746,2020,636,1750,2020,640,1750,2020,640,1435,1717,325
2025-05-29T02:04:56.617842,3234,1718,2123,1747,2021,636,1751,2021,640,1751,2021,640,1436,1718,325
2025-05-29T02:04:57.621563,3240,1727,2126,1756,2033,642,1760,2033,646,1760,2033,646,1442,1727,328
2025-05-29T02:04:58.625279,3242,1729,2126,1760,2035,644,1762,2035,646,1762,2035,646,1444,1729,328
2025-05-29T02:04:59.628976,3245,1732,2126,1763,2038,644,1765,2038,646,1765,2038,646,1447,1732,328
2025-05-29T02:05:00.632673,3246,1733,2126,1764,2039,644,1766,2039,646,1766,2039,646,1448,1733,328
2025-05-29T02:05:01.636361,3249,1736,2126,1767,2042,644,1769,2042,646,1769,2042,646,1451,1736,328
2025-05-29T02:05:02.640074,3253,1743,2129,1774,2052,650,1776,2052,652,1776,2052,652,1455,1743,331
2025-05-29T02:05:03.643935,3257,1747,2129,1778,2056,650,1780,2056,652,1780,2056,652,1459,1747,331
2025-05-29T02:05:04.647684,3258,1748,2129,1779,2057,650,1781,2057,652,1781,2057,652,1460,1748,331
2025-05-29T02:05:05.651377,3261,1751,2129,1782,2060,650,1784,2060,652,1784,2060,652,1463,1751,331
2025-05-29T02:05:06.655056,3262,1752,2129,1783,2061,650,1785,2061,652,1785,2061,652,1464,1752,331
2025-05-29T02:05:07.658752,3268,1761,2132,1792,2073,656,1794,2073,658,1794,2073,658,1470,1761,334
2025-05-29T02:05:08.662434,3270,1763,2132,1794,2075,656,1796,2075,658,1796,2075,658,1472,1763,334
2025-05-29T02:05:09.666083,3273,1766,2132,1797,2078,656,1799,2078,658,1799,2078,658,1475,1766,334
2025-05-29T02:05:10.669862,3274,1767,2132,1798,2079,656,1800,2079,658,1800,2079,658,1476,1767,334
2025-05-29T02:05:11.673433,3277,1770,2132,1801,2082,656,1803,2082,658,1803,2082,658,1479,1770,334
2025-05-29T02:05:12.677250,3285,1781,2135,1811,2095,662,1812,2096,664,1814,2096,664,1486,1780,337
2025-05-29T02:05:13.681676,3286,1782,2135,1813,2097,662,1815,2097,664,1815,2097,664,1488,1782,337
2025-05-29T02:05:14.685258,3289,1785,2135,1816,2100,662,1818,2100,664,1818,2100,664,1492,1785,338
2025-05-29T02:05:15.689008,3290,1786,2135,1817,2101,662,1819,2101,664,1819,2101,664,1493,1786,338
2025-05-29T02:05:16.692683,3296,1795,2138,1826,2113,668,1828,2113,670,1828,2113,670,1499,1795,341
2025-05-29T02:05:17.696232,3298,1797,2138,1828,2115,668,1830,2115,670,1830,2115,670,1501,1797,341
2025-05-29T02:05:18.699976,3301,1800,2138,1831,2118,668,1833,2118,670,1833,2118,670,1504,1800,341
2025-05-29T02:05:19.703719,3302,1801,2138,1832,2119,668,1834,2119,670,1834,2119,670,1505,1801,341
2025-05-29T02:05:20.707412,3305,1804,2138,1835,2122,668,1837,2122,670,1837,2122,670,1508,1804,341
2025-05-29T02:05:21.710941,3309,1811,2141,1842,2132,674,1844,2132,676,1844,2132,676,1512,1811,344
2025-05-29T02:05:22.714538,3313,1815,2141,1846,2136,674,1848,2136,676,1848,2136,676,1516,1815,344
2025-05-29T02:05:23.718319,3314,1816,2141,1847,2137,674,1849,2137,676,1849,2137,676,1517,1816,344
2025-05-29T02:05:24.722107,3317,1819,2141,1850,2140,674,1852,2140,676,1852,2140,676,1520,1819,344
2025-05-29T02:05:25.725898,3318,1820,2141,1851,2141,674,1853,2141,676,1853,2141,676,1521,1820,344
2025-05-29T02:05:26.729544,3324,1829,2144,1860,2153,680,1862,2153,682,1862,2153,682,1527,1829,347
2025-05-29T02:05:27.733312,3326,1831,2144,1862,2155,680,1864,2155,682,1864,2155,682,1529,1831,347
2025-05-29T02:05:28.737084,3329,1834,2144,1865,2158,680,1867,2158,682,1867,2158,682,1532,1834,347
2025-05-29T02:05:29.740643,3330,1835,2144,1866,2159,680,1868,2159,682,1868,2159,682,1533,1835,347
2025-05-29T02:05:30.744375,3334,1838,2145,1869,2162,680,1871,2162,682,1872,2162,683,1536,1838,347
2025-05-29T02:05:31.748027,3338,1845,2148,1876,2172,686,1878,2172,688,1879,2172,689,1540,1845,350
2025-05-29T02:05:32.751758,3342,1849,2148,1880,2176,686,1882,2176,688,1883,2176,689,1544,1849,350
2025-05-29T02:05:33.755626,3343,1850,2148,1881,2177,686,1883,2177,688,1884,2177,689,1545,1850,350
2025-05-29T02:05:34.759428,3346,1853,2148,1884,2180,686,1886,2180,688,1887,2180,689,1548,1853,350
2025-05-29T02:05:35.763174,3347,1854,2148,1885,2181,686,1887,2181,688,1888,2181,689,1549,1854,350
2025-05-29T02:05:36.766926,3353,1863,2151,1894,2193,692,1896,2193,694,1897,2193,695,1555,1863,353
2025-05-29T02:05:37.770572,3355,1865,2151,1896,2195,692,1898,2195,694,1899,2195,695,1557,1865,353
2025-05-29T02:05:38.774400,3358,1868,2151,1899,2198,692,1901,2198,694,1902,2198,695,1560,1868,353
2025-05-29T02:05:39.778230,3359,1869,2151,1900,2199,692,1902,2199,694,1903,2199,695,1561,1869,353
2025-05-29T02:05:40.781892,3362,1872,2151,1903,2202,692,1905,2202,694,1906,2202,695,1564,1872,353
2025-05-29T02:05:41.785498,3366,1879,2154,1910,2212,698,1912,2212,700,1913,2212,701,1568,1879,356
2025-05-29T02:05:42.789067,3370,1883,2154,1914,2216,698,1916,2216,700,1917,2216,701,1572,1883,356
2025-05-29T02:05:43.792752,3371,1884,2154,1915,2217,698,1917,2217,700,1918,2217,701,1573,1884,356
2025-05-29T02:05:44.796441,3374,1887,2154,1918,2220,698,1920,2220,700,1921,2220,701,1576,1887,356
2025-05-29T02:05:45.800406,3375,1888,2154,1919,2221,698,1921,2221,700,1922,2221,701,1577,1888,356
2025-05-29T02:05:46.804004,3381,1897,2157,1928,2233,704,1930,2233,706,1931,2233,707,1583,1897,359
2025-05-29T02:05:47.807560,3383,1899,2157,1931,2235,705,1932,2235,706,1933,2235,707,1585,1899,359
2025-05-29T02:05:48.811277,3386,1902,2157,1934,2238,705,1935,2238,706,1936,2238,707,1588,1902,359
2025-05-29T02:05:49.815040,3387,1903,2157,1935,2239,705,1936,2239,706,1937,2239,707,1589,1903,359
2025-05-29T02:05:50.818636,3398,1906,2165,1938,2242,705,1939,2242,706,1940,2242,707,1592,1906,359
2025-05-29T02:05:51.822336,3409,1913,2175,1945,2252,711,1946,2252,712,1947,2252,713,1596,1913,362
2025-05-29T02:05:52.826107,3416,1917,2178,1949,2256,711,1950,2256,712,1951,2256,713,1600,1917,362
2025-05-29T02:05:53.829853,3427,1918,2188,1950,2257,711,1951,2257,712,1952,2257,713,1601,1918,362
2025-05-29T02:05:54.833497,3440,1921,2198,1953,2260,711,1954,2260,712,1955,2260,713,1604,1921,362
2025-05-29T02:05:55.836640,3448,1922,2205,1954,2261,711,1955,2261,712,1956,2261,713,1605,1922,362
2025-05-29T02:05:56.840311,3457,1931,2211,1963,2273,717,1964,2273,718,1965,2273,719,1611,1931,365
2025-05-29T02:05:57.843908,3469,1933,2221,1965,2275,717,1966,2275,718,1967,2275,719,1613,1933,365
2025-05-29T02:05:58.847651,3481,1936,2230,1968,2278,717,1969,2278,718,1970,2278,719,1616,1936,365
2025-05-29T02:05:59.851244,3492,1937,2240,1969,2279,717,1970,2279,718,1971,2279,719,1617,1937,365
2025-05-29T02:06:00.854835,3505,1940,2250,1972,2282,717,1973,2282,718,1974,2282,719,1620,1940,365
2025-05-29T02:06:01.858473,3519,1947,2263,1979,2292,723,1980,2292,724,1981,2292,725,1624,1947,368
2025-05-29T02:06:02.862223,3531,1951,2271,1983,2296,723,1984,2296,724,1985,2296,725,1628,1951,368
2025-05-29T02:06:03.865859,3535,1952,2274,1984,2297,723,1985,2297,724,1986,2297,725,1629,1952,368
2025-05-29T02:06:04.869422,3547,1955,2283,1987,2300,723,1988,2300,724,1989,2300,725,1632,1955,368
2025-05-29T02:06:05.873135,3558,1956,2293,1988,2301,723,1989,2301,724,1990,2301,725,1633,1956,368
2025-05-29T02:06:06.876653,3574,1965,2306,1997,2313,729,1998,2313,730,1999,2313,731,1639,1965,371
2025-05-29T02:06:07.880228,3585,1967,2315,1999,2315,729,2000,2315,730,2001,2315,731,1641,1967,371
2025-05-29T02:06:08.883820,3598,1970,2325,2002,2318,729,2003,2318,730,2004,2318,731,1644,1970,371
2025-05-29T02:06:09.887421,3608,1971,2334,2003,2319,729,2004,2319,730,2005,2319,731,1645,1971,371
2025-05-29T02:06:10.891128,3621,1974,2344,2006,2322,729,2007,2322,730,2008,2322,731,1648,1974,371
2025-05-29T02:06:11.894724,3635,1981,2357,2013,2332,735,2014,2332,736,2015,2332,737,1652,1981,374
2025-05-29T02:06:12.898319,3649,1985,2367,2017,2336,735,2018,2336,736,2019,2336,737,1656,1985,374
2025-05-29T02:06:13.902107,3660,1986,2377,2018,2337,735,2019,2337,736,2020,2337,737,1657,1986,374
2025-05-29T02:06:14.905713,3672,1989,2386,2021,2340,735,2022,2340,736,2023,2340,737,1660,1989,374
2025-05-29T02:06:15.909362,3683,1990,2396,2022,2341,735,2023,2341,736,2024,2341,737,1661,1990,374
2025-05-29T02:06:16.912975,3691,1999,2401,2031,2353,741,2032,2353,742,2033,2353,743,1667,1999,377
2025-05-29T02:06:17.916417,3701,2001,2409,2033,2355,741,2034,2355,742,2035,2355,743,1669,2001,377
2025-05-29T02:06:18.920006,3714,2004,2419,2036,2358,741,2037,2358,742,2038,2358,743,1672,2004,377
2025-05-29T02:06:19.923634,3725,2005,2429,2037,2359,741,2038,2359,742,2039,2359,743,1673,2005,377
2025-05-29T02:06:20.927303,3738,2008,2439,2040,2362,741,2041,2362,742,2042,2362,743,1676,2008,377
2025-05-29T02:06:21.930928,3751,2015,2451,2047,2372,747,2048,2372,748,2049,2372,749,1680,2015,380
2025-05-29T02:06:22.934536,3765,2019,2461,2051,2376,747,2052,2376,748,2053,2376,749,1684,2019,380
2025-05-29T02:06:23.938099,3776,2020,2471,2052,2377,747,2053,2377,748,2054,2377,749,1685,2020,380
2025-05-29T02:06:24.942052,3789,2023,2481,2055,2380,747,2056,2380,748,2057,2380,749,1688,2023,380
2025-05-29T02:06:25.945773,3800,2024,2491,2056,2381,747,2057,2381,748,2058,2381,749,1689,2024,380
2025-05-29T02:06:26.949375,3816,2033,2504,2065,2393,753,2066,2393,754,2067,2393,755,1695,2033,383
2025-05-29T02:06:27.952551,3827,2035,2513,2067,2395,753,2068,2395,754,2069,2395,755,1697,2035,383
2025-05-29T02:06:28.956511,3840,2038,2523,2070,2398,753,2071,2398,754,2072,2398,755,1700,2038,383
2025-05-29T02:06:29.960469,3850,2039,2532,2071,2399,753,2072,2399,754,2073,2399,755,1701,2039,383
2025-05-29T02:06:30.964244,3863,2042,2542,2074,2402,753,2075,2402,754,2076,2402,755,1704,2042,383
2025-05-29T02:06:31.968081,3877,2049,2555,2081,2412,759,2082,2412,760,2083,2412,761,1708,2049,386
2025-05-29T02:06:32.971941,3886,2053,2560,2085,2416,759,2086,2416,760,2087,2416,761,1712,2053,386
2025-05-29T02:06:33.976079,3892,2054,2565,2086,2417,759,2087,2417,760,2088,2417,761,1713,2054,386
2025-05-29T02:06:34.979642,3905,2057,2575,2089,2420,759,2090,2420,760,2091,2420,761,1716,2057,386
2025-05-29T02:06:35.983291,3915,2058,2584,2090,2421,759,2091,2421,760,2092,2421,761,1717,2058,386
2025-05-29T02:06:36.987053,3931,2067,2597,2099,2433,765,2100,2433,766,2101,2433,767,1723,2067,389
2025-05-29T02:06:37.990785,3943,2069,2607,2101,2435,765,2102,2435,766,2103,2435,767,1725,2069,389
2025-05-29T02:06:38.994414,3956,2072,2617,2104,2438,765,2105,2438,766,2106,2438,767,1728,2072,389
2025-05-29T02:06:39.998118,3967,2073,2627,2105,2439,765,2106,2439,766,2107,2439,767,1729,2073,389
2025-05-29T02:06:41.001848,3979,2076,2636,2108,2442,765,2109,2442,766,2110,2442,767,1732,2076,389
2025-05-29T02:06:42.005575,3993,2083,2649,2115,2452,771,2116,2452,772,2117,2452,773,1736,2083,392
2025-05-29T02:06:43.009292,4007,2087,2659,2119,2456,771,2120,2456,772,2121,2456,773,1740,2087,392
2025-05-29T02:06:44.013095,4017,2088,2668,2120,2457,771,2121,2457,772,2122,2457,773,1741,2088,392
2025-05-29T02:06:45.016792,4030,2091,2678,2123,2460,771,2124,2460,772,2125,2460,773,1744,2091,392
2025-05-29T02:06:46.020523,4039,2092,2686,2124,2461,771,2125,2461,772,2126,2461,773,1745,2092,392
2025-05-29T02:06:47.024296,4046,2101,2690,2133,2473,777,2134,2473,778,2135,2473,779,1751,2101,395
2025-05-29T02:06:48.027944,4057,2103,2699,2135,2475,777,2136,2475,778,2137,2475,779,1753,2103,395
2025-05-29T02:06:49.031633,4070,2106,2709,2138,2478,777,2139,2478,778,2140,2478,779,1756,2106,395
2025-05-29T02:06:50.035305,4081,2107,2719,2139,2479,777,2140,2479,778,2141,2479,779,1757,2107,395
2025-05-29T02:06:51.038937,4094,2110,2729,2142,2482,777,2143,2482,778,2144,2482,779,1760,2110,395
2025-05-29T02:06:52.042494,4108,2117,2742,2149,2492,783,2150,2492,784,2151,2492,785,1764,2117,398
2025-05-29T02:06:53.046011,4122,2121,2752,2153,2496,783,2154,2496,784,2155,2496,785,1768,2121,398
2025-05-29T02:06:54.049580,4123,2122,2752,2154,2497,783,2155,2497,784,2156,2497,785,1769,2122,398
2025-05-29T02:06:55.053283,4135,2125,2761,2157,2500,783,2158,2500,784,2159,2500,785,1772,2125,398
2025-05-29T02:06:56.056902,4146,2126,2771,2158,2501,783,2159,2501,784,2160,2501,785,1773,2126,398
2025-05-29T02:06:57.060539,4161,2135,2783,2167,2513,789,2168,2513,790,2169,2513,791,1779,2135,401
2025-05-29T02:06:58.064225,4165,2137,2785,2169,2515,789,2170,2515,790,2171,2515,791,1781,2137,401
2025-05-29T02:06:59.068023,4176,2140,2793,2172,2518,789,2173,2518,790,2174,2518,791,1784,2140,401
2025-05-29T02:07:00.071722,4184,2141,2800,2173,2519,789,2174,2519,790,2175,2519,791,1785,2141,401
2025-05-29T02:07:01.075414,4187,2144,2800,2176,2522,789,2177,2522,790,2178,2522,791,1788,2144,401
2025-05-29T02:07:02.079093,4191,2151,2803,2183,2532,795,2184,2532,796,2185,2532,797,1792,2151,404
2025-05-29T02:07:03.082637,4195,2155,2803,2187,2536,795,2188,2536,796,2189,2536,797,1796,2155,404
2025-05-29T02:07:04.086270,4196,2156,2803,2188,2537,795,2189,2537,796,2190,2537,797,1797,2156,404
2025-05-29T02:07:05.090016,4199,2159,2803,2191,2540,795,2192,2540,796,2193,2540,797,1800,2159,404
2025-05-29T02:07:06.093735,4200,2160,2803,2192,2541,795,2193,2541,796,2194,2541,797,1801,2160,404
2025-05-29T02:07:07.097941,4206,2169,2806,2201,2553,801,2202,2553,802,2203,2553,803,1807,2169,407
2025-05-29T02:07:08.101905,4208,2171,2806,2203,2555,801,2204,2555,802,2205,2555,803,1809,2171,407
2025-05-29T02:07:09.105803,4211,2174,2806,2206,2558,801,2207,2558,802,2208,2558,803,1812,2174,407
2025-05-29T02:07:10.109624,4212,2175,2806,2207,2559,801,2208,2559,802,2209,2559,803,1813,2175,407
2025-05-29T02:07:11.113281,4215,2178,2806,2210,2562,801,2211,2562,802,2212,2562,803,1816,2178,407
2025-05-29T02:07:12.117174,4219,2185,2809,2217,2572,807,2218,2572,808,2219,2572,809,1820,2185,410
2025-05-29T02:07:13.120944,4223,2189,2809,2221,2576,807,2222,2576,808,2223,2576,809,1824,2189,410
2025-05-29T02:07:14.124956,4224,2190,2809,2222,2577,807,2223,2577,808,2224,2577,809,1825,2190,410
2025-05-29T02:07:15.128826,4227,2193,2809,2225,2580,807,2226,2580,808,2227,2580,809,1828,2193,410
2025-05-29T02:07:16.132803,4228,2194,2809,2226,2581,807,2227,2581,808,2228,2581,809,1829,2194,410
2025-05-29T02:07:17.136515,4234,2203,2812,2235,2593,813,2236,2593,814,2237,2593,815,1835,2203,413
2025-05-29T02:07:18.140429,4236,2205,2812,2237,2595,813,2238,2595,814,2239,2595,815,1837,2205,413
2025-05-29T02:07:19.144166,4239,2208,2812,2240,2598,813,2241,2598,814,2242,2598,815,1840,2208,413
2025-05-29T02:07:20.148154,4240,2209,2812,2241,2599,813,2242,2599,814,2243,2599,815,1841,2209,413
2025-05-29T02:07:21.152216,4243,2212,2812,2244,2602,813,2245,2602,814,2246,2602,815,1844,2212,413
2025-05-29T02:07:22.156097,4247,2219,2815,2251,2612,819,2252,2612,820,2253,2612,821,1848,2219,416
2025-05-29T02:07:23.159864,4251,2223,2815,2255,2616,819,2256,2616,820,2257,2616,821,1852,2223,416
2025-05-29T02:07:24.163572,4252,2224,2815,2256,2617,819,2257,2617,820,2258,2617,821,1853,2224,416
2025-05-29T02:07:25.167278,4255,2227,2815,2259,2620,819,2260,2620,820,2261,2620,821,1856,2227,416
2025-05-29T02:07:26.170953,4256,2228,2815,2260,2621,819,2261,2621,820,2262,2621,821,1857,2228,416
2025-05-29T02:07:27.174552,4262,2237,2818,2269,2633,825,2270,2633,826,2271,2633,827,1863,2237,419
2025-05-29T02:07:28.178137,4264,2239,2818,2271,2635,825,2272,2635,826,2273,2635,827,1865,2239,419
2025-05-29T02:07:29.181833,4267,2242,2818,2274,2638,825,2275,2638,826,2276,2638,827,1868,2242,419
2025-05-29T02:07:30.185407,4268,2243,2818,2275,2639,825,2276,2639,826,2277,2639,827,1869,2243,419
2025-05-29T02:07:31.189094,4271,2246,2818,2278,2642,825,2279,2642,826,2280,2642,827,1872,2246,419
2025-05-29T02:07:32.192707,4275,2253,2821,2285,2652,831,2286,2652,832,2287,2652,833,1876,2253,422
2025-05-29T02:07:33.196406,4279,2257,2821,2289,2656,831,2290,2656,832,2291,2656,833,1880,2257,422
2025-05-29T02:07:34.200123,4280,2258,2821,2290,2657,831,2291,2657,832,2292,2657,833,1881,2258,422
2025-05-29T02:07:35.203808,4283,2261,2821,2293,2660,831,2294,2660,832,2295,2660,833,1884,2261,422
2025-05-29T02:07:36.207432,4284,2262,2821,2294,2661,831,2295,2661,832,2296,2661,833,1885,2262,422
2025-05-29T02:07:37.211175,4290,2271,2824,2303,2673,837,2304,2673,838,2305,2673,839,1891,2271,425
2025-05-29T02:07:38.214878,4292,2273,2824,2305,2675,837,2306,2675,838,2307,2675,839,1893,2273,425
2025-05-29T02:07:39.218485,4295,2276,2824,2308,2678,837,2309,2678,838,2310,2678,839,1896,2276,425
2025-05-29T02:07:40.222084,4296,2277,2824,2309,2679,837,2310,2679,838,2311,2679,839,1897,2277,425
2025-05-29T02:07:41.225916,4299,2280,2824,2312,2682,837,2313,2682,838,2314,2682,839,1900,2280,425
2025-05-29T02:07:42.229628,4303,2287,2827,2319,2692,843,2320,2692,844,2321,2692,845,1904,2287,428
2025-05-29T02:07:43.233265,4307,2291,2827,2323,2696,843,2324,2696,844,2325,2696,845,1908,2291,428
2025-05-29T02:07:44.236913,4308,2292,2827,2324,2697,843,2325,2697,844,2326,2697,845,1909,2292,428
2025-05-29T02:07:45.240573,4311,2295,2827,2327,2700,843,2328,2700,844,2329,2700,845,1912,2295,428
2025-05-29T02:07:46.244183,4312,2296,2827,2328,2701,843,2329,2701,844,2330,2701,845,1913,2296,428
2025-05-29T02:07:47.247801,4318,2305,2830,2337,2713,849,2338,2713,850,2339,2713,851,1919,2305,431
2025-05-29T02:07:48.251441,4320,2307,2830,2339,2715,849,2340,2715,850,2341,2715,851,1921,2307,431
2025-05-29T02:07:49.255166,4323,2310,2830,2342,2718,849,2343,2718,850,2344,2718,851,1924,2310,431
2025-05-29T02:07:50.258733,4324,2311,2830,2343,2719,849,2344,2719,850,2345,2719,851,1925,2311,431
2025-05-29T02:07:51.262254,4327,2314,2830,2346,2722,849,2347,2722,850,2348,2722,851,1928,2314,431
2025-05-29T02:07:52.265852,4331,2321,2833,2353,2732,855,2354,2732,856,2355,2732,857,1932,2321,434
2025-05-29T02:07:53.269416,4335,2325,2833,2357,2736,855,2358,2736,856,2359,2736,857,1936,2325,434
2025-05-29T02:07:54.273107,4336,2326,2833,2358,2737,855,2359,2737,856,2360,2737,857,1937,2326,434
2025-05-29T02:07:55.276890,4339,2329,2833,2361,2740,855,2362,2740,856,2363,2740,857,1940,2329,434
2025-05-29T02:07:56.280565,4340,2330,2833,2362,2741,855,2363,2741,856,2364,2741,857,1941,2330,434
2025-05-29T02:07:57.284283,4346,2339,2836,2371,2753,861,2372,2753,862,2373,2753,863,1947,2339,437
2025-05-29T02:07:58.288191,4348,2341,2836,2373,2755,861,2374,2755,862,2375,2755,863,1949,2341,437
2025-05-29T02:07:59.291979,4351,2344,2836,2376,2758,861,2377,2758,862,2378,2758,863,1952,2344,437
2025-05-29T02:08:00.295751,4352,2345,2836,2377,2759,861,2378,2759,862,2379,2759,863,1953,2345,437
2025-05-29T02:08:01.299512,4355,2348,2836,2380,2762,861,2381,2762,862,2382,2762,863,1956,2348,437
2025-05-29T02:08:02.303203,4359,2355,2839,2387,2772,867,2388,2772,868,2389,2772,869,1960,2355,440
2025-05-29T02:08:03.306943,4363,2359,2839,2391,2776,867,2392,2776,868,2393,2776,869,1964,2359,440
2025-05-29T02:08:04.310824,4364,2360,2839,2392,2777,867,2393,2777,868,2394,2777,869,1965,2360,440
2025-05-29T02:08:05.314479,4367,2363,2839,2395,2780,867,2396,2780,868,2397,2780,869,1968,2363,440
2025-05-29T02:08:06.318197,4368,2364,2839,2396,2781,867,2397,2781,868,2398,2781,869,1969,2364,440
2025-05-29T02:08:07.322076,4374,2373,2842,2405,2793,873,2406,2793,874,2407,2793,875,1975,2373,443
2025-05-29T02:08:08.325749,4376,2375,2842,2407,2795,873,2408,2795,874,2409,2795,875,1977,2375,443
2025-05-29T02:08:09.329343,4379,2378,2842,2410,2798,873,2411,2798,874,2412,2798,875,1980,2378,443
2025-05-29T02:08:10.332914,4380,2379,2842,2411,2799,873,2412,2799,874,2413,2799,875,1981,2379,443
2025-05-29T02:08:11.336555,4383,2382,2842,2414,2802,873,2415,2802,874,2416,2802,875,1984,2382,443
2025-05-29T02:08:12.340150,4387,2389,2845,2421,2812,879,2422,2812,880,2423,2812,881,1988,2389,446
2025-05-29T02:08:13.343733,4391,2393,2845,2425,2816,879,2426,2816,880,2427,2816,881,1992,2393,446
2025-05-29T02:08:14.347448,4392,2394,2845,2426,2817,879,2427,2817,880,2428,2817,881,1993,2394,446
2025-05-29T02:08:15.351072,4395,2397,2845,2429,2820,879,2430,2820,880,2431,2820,881,1996,2397,446
2025-05-29T02:08:16.354715,4396,2398,2845,2430,2821,879,2431,2821,880,2432,2821,881,1997,2398,446
2025-05-29T02:08:17.358291,4402,2407,2848,2439,2833,885,2440,2833,886,2441,2833,887,2003,2407,449
2025-05-29T02:08:18.362058,4404,2409,2848,2441,2835,885,2442,2835,886,2443,2835,887,2005,2409,449
2025-05-29T02:08:19.365719,4407,2412,2848,2444,2838,885,2445,2838,886,2446,2838,887,2008,2412,449
2025-05-29T02:08:20.369263,4408,2413,2848,2445,2839,885,2446,2839,886,2447,2839,887,2009,2413,449
2025-05-29T02:08:21.372901,4411,2416,2848,2448,2842,885,2449,2842,886,2450,2842,887,2012,2416,449
2025-05-29T02:08:22.376459,4415,2423,2851,2455,2852,891,2456,2852,892,2457,2852,893,2016,2423,452
2025-05-29T02:08:23.380158,4419,2427,2851,2459,2856,891,2460,2856,892,2461,2856,893,2020,2427,452
2025-05-29T02:08:24.383783,4420,2428,2851,2460,2857,891,2461,2857,892,2462,2857,893,2021,2428,452
2025-05-29T02:08:25.387431,4423,2431,2851,2463,2860,891,2464,2860,892,2465,2860,893,2024,2431,452
2025-05-29T02:08:26.391166,4424,2432,2851,2464,2861,891,2465,2861,892,2466,2861,893,2025,2432,452
2025-05-29T02:08:27.394765,4430,2441,2854,2473,2873,897,2474,2873,898,2475,2873,899,2031,2441,455
2025-05-29T02:08:28.398405,4432,2443,2854,2475,2875,897,2476,2875,898,2477,2875,899,2033,2443,455
2025-05-29T02:08:29.401983,4435,2446,2854,2478,2878,897,2479,2878,898,2480,2878,899,2036,2446,455
2025-05-29T02:08:30.405658,4436,2447,2854,2479,2879,897,2480,2879,898,2481,2879,899,2037,2447,455
2025-05-29T02:08:31.409417,4439,2450,2854,2482,2882,897,2483,2882,898,2484,2882,899,2040,2450,455
2025-05-29T02:08:32.413279,4443,2457,2857,2489,2892,903,2490,2892,904,2491,2892,905,2044,2457,458
2025-05-29T02:08:33.416855,4447,2461,2857,2493,2896,903,2494,2896,904,2495,2896,905,2048,2461,458
2025-05-29T02:08:34.420405,4448,2462,2857,2494,2897,903,2495,2897,904,2496,2897,905,2049,2462,458
2025-05-29T02:08:35.424028,4451,2465,2857,2497,2900,903,2498,2900,904,2499,2900,905,2052,2465,458
2025-05-29T02:08:36.427641,4452,2466,2857,2498,2901,903,2499,2901,904,2500,2901,905,2053,2466,458
2025-05-29T02:08:37.431261,4458,2475,2860,2507,2913,909,2508,2913,910,2509,2913,911,2059,2475,461
2025-05-29T02:08:38.434906,4460,2477,2860,2509,2915,909,2510,2915,910,2511,2915,911,2061,2477,461
2025-05-29T02:08:39.438639,4463,2480,2860,2512,2918,909,2513,2918,910,2514,2918,911,2064,2480,461
2025-05-29T02:08:40.442269,4464,2481,2860,2513,2919,909,2514,2919,910,2515,2919,911,2065,2481,461
2025-05-29T02:08:41.446021,4467,2484,2860,2516,2922,909,2517,2922,910,2518,2922,911,2068,2484,461
2025-05-29T02:08:42.449555,4471,2491,2863,2523,2932,915,2524,2932,916,2525,2932,917,2072,2491,464
2025-05-29T02:08:43.453105,4475,2495,2863,2527,2936,915,2528,2936,916,2529,2936,917,2076,2495,464
2025-05-29T02:08:44.456791,4476,2496,2863,2528,2937,915,2529,2937,916,2530,2937,917,2077,2496,464
2025-05-29T02:08:45.460471,4479,2499,2863,2531,2940,915,2532,2940,916,2533,2940,917,2080,2499,464
2025-05-29T02:08:46.464018,4480,2500,2863,2532,2941,915,2533,2941,916,2534,2941,917,2081,2500,464
2025-05-29T02:08:47.467621,4486,2509,2866,2541,2953,921,2542,2953,922,2543,2953,923,2087,2509,467
2025-05-29T02:08:48.471137,4488,2511,2866,2543,2955,921,2544,2955,922,2545,2955,923,2089,2511,467
2025-05-29T02:08:49.474848,4491,2514,2866,2546,2958,921,2547,2958,922,2548,2958,923,2092,2514,467
2025-05-29T02:08:50.478607,4492,2515,2866,2547,2959,921,2548,2959,922,2549,2959,923,2093,2515,467
2025-05-29T02:08:51.482191,4495,2518,2866,2550,2962,921,2551,2962,922,2552,2962,923,2096,2518,467
2025-05-29T02:08:52.485770,4499,2525,2869,2557,2972,927,2558,2972,928,2559,2972,929,2100,2525,470
2025-05-29T02:08:53.489482,4503,2529,2869,2561,2976,927,2562,2976,928,2563,2976,929,2104,2529,470
2025-05-29T02:08:54.492694,4504,2530,2869,2562,2977,927,2563,2977,928,2564,2977,929,2105,2530,470
2025-05-29T02:08:55.496325,4507,2533,2869,2565,2980,927,2566,2980,928,2567,2980,929,2108,2533,470
2025-05-29T02:08:56.499898,4508,2534,2869,2566,2981,927,2567,2981,928,2568,2981,929,2109,2534,470
2025-05-29T02:08:57.503541,4514,2543,2872,2575,2993,933,2576,2993,934,2577,2993,935,2115,2543,473
2025-05-29T02:08:58.507176,4516,2545,2872,2577,2995,933,2578,2995,934,2579,2995,935,2117,2545,473
2025-05-29T02:08:59.510804,4519,2548,2872,2580,2998,933,2581,2998,934,2582,2998,935,2120,2548,473
2025-05-29T02:09:00.514389,4520,2549,2872,2581,2999,933,2582,2999,934,2583,2999,935,2121,2549,473
2025-05-29T02:09:01.518217,4523,2552,2872,2584,3002,933,2585,3002,934,2586,3002,935,2124,2552,473
2025-05-29T02:09:02.521879,4527,2559,2875,2591,3012,939,2592,3012,940,2593,3012,941,2128,2559,476
2025-05-29T02:09:03.525622,4531,2563,2875,2595,3016,939,2596,3016,940,2597,3016,941,2132,2563,476
2025-05-29T02:09:04.529289,4532,2564,2875,2596,3017,939,2597,3017,940,2598,3017,941,2133,2564,476
2025-05-29T02:09:05.532944,4535,2567,2875,2599,3020,939,2600,3020,940,2601,3020,941,2136,2567,476
2025-05-29T02:09:06.536626,4536,2568,2875,2600,3021,939,2601,3021,940,2602,3021,941,2137,2568,476
2025-05-29T02:09:07.540274,4542,2577,2878,2609,3033,945,2610,3033,946,2611,3033,947,2143,2577,479
2025-05-29T02:09:08.543989,4544,2579,2878,2611,3035,945,2612,3035,946,2613,3035,947,2145,2579,479
2025-05-29T02:09:09.547575,4550,2582,2878,2618,3038,945,2619,3038,946,0,0,0,2151,2582,479
2025-05-29T02:09:10.551217,0,0,0,0,0,0,0,0,0,0,0,0,0,0,0
2025-05-29T02:09:11.554857,0,0,0,0,0,0,0,0,0,0,0,0,0,0,0
2025-05-29T02:09:12.558490,0,0,0,0,0,0,0,0,0,0,0,0,0,0,0
2025-05-29T02:09:13.562094,0,0,0,0,0,0,0,0,0,0,0,0,0,0,0
2025-05-29T02:09:14.565627,0,0,0,0,0,0,0,0,0,0,0,0,0,0,0
2025-05-29T02:09:15.569202,0,0,0,0,0,0,0,0,0,0,0,0,0,0,0
2025-05-29T02:09:16.572875,0,0,0,0,0,0,0,0,0,0,0,0,0,0,0
2025-05-29T02:09:17.576405,0,0,0,0,0,0,0,0,0,0,0,0,0,0,0
2025-05-29T02:09:18.580123,0,0,0,0,0,0,0,0,0,0,0,0,0,0,0
2025-05-29T02:09:19.582708,0,0,0,0,0,0,0,0,0,0,0,0,0,0,0
2025-05-29T02:09:20.588705,0,0,0,0,0,0,0,0,0,0,0,0,0,0,0
2025-05-29T02:09:21.592416,0,0,0,0,0,0,0,0,0,0,0,0,0,0,0
2025-05-29T02:09:22.596172,0,0,0,0,0,0,0,0,0,0,0,0,0,0,0
2025-05-29T02:09:23.599731,0,0,0,0,0,0,0,0,0,0,0,0,0,0,0
2025-05-29T02:09:24.603327,0,0,0,0,0,0,0,0,0,0,0,0,0,0,0
2025-05-29T02:09:25.606913,0,0,0,0,0,0,0,0,0,0,0,0,0,0,0
2025-05-29T02:09:26.610503,0,0,0,0,0,0,0,0,0,0,0,0,0,0,0
2025-05-29T02:09:27.614122,0,0,0,0,0,0,0,0,0,0,0,0,0,0,0
2025-05-29T02:09:28.618678,0,0,0,0,0,0,0,0,0,0,0,0,0,0,0
2025-05-29T02:09:29.625087,0,0,0,0,0,0,0,0,0,0,0,0,0,0,0
2025-05-29T02:09:30.629102,0,0,0,0,0,0,0,0,0,0,0,0,0,0,0
2025-05-29T02:09:31.633145,0,0,0,0,0,0,0,0,0,0,0,0,0,0,0
